date, pm25
2025/6/2, 38
2025/6/3, 42
2025/6/4, 54
2025/6/5, 62
2025/6/6, 44
2025/6/7, 29
2025/6/8, 20
2025/6/9, 19
2025/6/10, 23
2025/6/11, 34
2025/6/12, 52
2025/6/13, 44
2025/6/14, 20
2025/6/15, 12
2025/6/16, 15
2025/6/17, 21
2025/6/18, 18
2025/6/19, 24
2025/6/20, 18
2025/6/21, 23
2025/6/22, 29
2025/6/23, 33
2025/6/24, 38
2025/6/25, 51
2025/6/26, 45
2025/5/2, 30
2025/5/3, 20
2025/5/4, 8
2025/5/5, 10
2025/5/6, 15
2025/5/7, 20
2025/5/8, 19
2025/5/9, 27
2025/5/10, 19
2025/5/11, 15
2025/5/12, 19
2025/5/13, 11
2025/5/14, 17
2025/5/15, 22
2025/5/16, 40
2025/5/17, 35
2025/5/18, 19
2025/5/19, 27
2025/5/20, 22
2025/5/21, 30
2025/5/22, 14
2025/5/23, 11
2025/5/24, 14
2025/5/25, 22
2025/5/26, 26
2025/5/27, 14
2025/5/28, 18
2025/5/29, 19
2025/5/30, 24
2025/5/31, 13
2025/6/1, 26
2025/4/2, 11
2025/4/3, 29
2025/4/4, 22
2025/4/5, 29
2025/4/6, 24
2025/4/7, 5
2025/4/8, 15
2025/4/9, 15
2025/4/10, 14
2025/4/11, 24
2025/4/12, 31
2025/4/13, 32
2025/4/14, 25
2025/4/15, 37
2025/4/16, 15
2025/4/17, 23
2025/4/18, 30
2025/4/19, 50
2025/4/20, 39
2025/4/21, 47
2025/4/22, 30
2025/4/23, 20
2025/4/24, 25
2025/4/25, 20
2025/4/26, 30
2025/4/27, 21
2025/4/28, 20
2025/4/29, 28
2025/4/30, 42
2025/5/1, 42
2025/1/2, 15
2025/1/3, 15
2025/1/4, 14
2025/1/5, 12
2025/1/6, 21
2025/1/7, 14
2025/1/8, 10
2025/1/9, 18
2025/1/10, 37
2025/1/11, 14
2025/1/12, 23
2025/1/13, 19
2025/1/14, 23
2025/1/15, 24
2025/1/16, 23
2025/1/17, 23
2025/1/18, 27
2025/1/19, 30
2025/1/20, 14
2025/1/21, 12
2025/1/22, 15
2025/1/23, 19
2025/1/24, 18
2025/1/25, 38
2025/1/26, 23
2025/1/27, 25
2025/1/28, 29
2025/1/29, 21
2025/1/30, 33
2025/1/31, 32
2025/2/1, 24
2025/2/2, 17
2025/2/3, 22
2025/2/4, 26
2025/2/5, 43
2025/2/6, 47
2025/2/7, 29
2025/2/8, 11
2025/2/9, 24
2025/2/10, 19
2025/2/11, 28
2025/2/12, 12
2025/2/13, 7
2025/2/14, 29
2025/2/15, 24
2025/2/16, 16
2025/2/17, 24
2025/2/18, 22
2025/2/19, 17
2025/2/20, 19
2025/2/21, 19
2025/2/22, 26
2025/2/23, 27
2025/2/24, 29
2025/2/25, 20
2025/3/1, 15
2025/3/2, 22
2025/3/3, 14
2025/3/4, 24
2025/3/5, 32
2025/3/6, 20
2025/3/7, 19
2025/3/8, 22
2025/3/9, 29
2025/3/10, 22
2025/3/11, 26
2025/3/12, 33
2025/3/13, 36
2025/3/14, 37
2025/3/15, 30
2025/3/16, 23
2025/3/17, 31
2025/3/18, 17
2025/3/19, 21
2025/3/20, 24
2025/3/21, 15
2025/3/22, 19
2025/3/23, 24
2025/3/24, 26
2025/3/25, 9
2025/3/26, 12
2025/3/27, 16
2025/3/28, 23
2025/3/29, 60
2025/3/30, 54
2025/3/31, 30
2025/4/1, 14
2024/10/2, 16
2024/10/3, 19
2024/10/4, 24
2024/10/5, 35
2024/10/6, 33
2024/10/7, 34
2024/10/8, 27
2024/10/9, 12
2024/10/10, 23
2024/10/11, 24
2024/10/12, 15
2024/10/13, 26
2024/10/14, 40
2024/10/15, 16
2024/10/16, 13
2024/10/17, 13
2024/10/18, 20
2024/10/19, 27
2024/10/20, 22
2024/10/21, 27
2024/10/22, 20
2024/10/23, 25
2024/10/24, 35
2024/10/25, 22
2024/10/26, 34
2024/10/27, 40
2024/10/28, 25
2024/10/29, 44
2024/10/30, 44
2024/10/31, 30
2024/11/1, 27
2024/11/2, 13
2024/11/3, 17
2024/11/4, 29
2024/11/5, 17
2024/11/6, 21
2024/11/7, 28
2024/11/8, 22
2024/11/9, 19
2024/11/10, 15
2024/11/11, 23
2024/11/12, 22
2024/11/13, 18
2024/11/14, 19
2024/11/15, 12
2024/11/16, 9
2024/11/17, 19
2024/11/18, 30
2024/11/19, 36
2024/11/20, 17
2024/11/21, 13
2024/11/22, 10
2024/11/23, 11
2024/11/24, 20
2024/11/25, 26
2024/11/26, 25
2024/11/27, 35
2024/11/28, 25
2024/11/29, 27
2024/11/30, 30
2024/12/1, 16
2024/12/2, 18
2024/12/3, 16
2024/12/4, 26
2024/12/5, 23
2024/12/6, 20
2024/12/7, 22
2024/12/8, 22
2024/12/9, 20
2024/12/10, 14
2024/12/11, 27
2024/12/12, 18
2024/12/13, 14
2024/12/14, 18
2024/12/15, 15
2024/12/16, 15
2024/12/17, 11
2024/12/18, 15
2024/12/19, 11
2024/12/20, 25
2024/12/21, 28
2024/12/22, 17
2024/12/23, 16
2024/12/24, 21
2024/12/25, 41
2024/12/26, 35
2024/12/27, 25
2024/12/28, 16
2024/12/29, 6
2024/12/30, 13
2024/7/2, 14
2024/7/3, 31
2024/7/4, 39
2024/7/5, 36
2024/7/6, 39
2024/7/7, 30
2024/7/8, 30
2024/7/9, 32
2024/7/10, 28
2024/7/11, 14
2024/7/12, 30
2024/7/13, 40
2024/7/14, 44
2024/7/15, 47
2024/7/16, 45
2024/7/17, 43
2024/7/18, 37
2024/7/19, 30
2024/7/20, 34
2024/7/21, 26
2024/7/22, 18
2024/7/23, 23
2024/7/24, 28
2024/7/25, 21
2024/7/26, 25
2024/7/27, 37
2024/7/28, 48
2024/7/29, 34
2024/7/30, 19
2024/7/31, 23
2024/8/1, 26
2024/8/2, 57
2024/8/3, 69
2024/8/4, 31
2024/8/5, 47
2024/8/6, 35
2024/8/7, 43
2024/8/8, 54
2024/8/9, 45
2024/8/10, 28
2024/8/11, 23
2024/8/12, 18
2024/8/13, 22
2024/8/14, 22
2024/8/15, 32
2024/8/16, 37
2024/8/17, 39
2024/8/18, 34
2024/8/19, 16
2024/8/20, 26
2024/8/21, 34
2024/8/22, 26
2024/8/23, 32
2024/8/24, 42
2024/8/25, 40
2024/8/26, 41
2024/8/27, 41
2024/8/28, 44
2024/8/29, 49
2024/8/30, 53
2024/8/31, 37
2024/9/1, 25
2024/9/2, 18
2024/9/3, 22
2024/9/4, 21
2024/9/5, 23
2024/9/6, 23
2024/9/7, 24
2024/9/8, 13
2024/9/9, 11
2024/9/10, 10
2024/9/11, 13
2024/9/12, 31
2024/9/13, 36
2024/9/14, 17
2024/9/15, 13
2024/9/16, 16
2024/9/17, 20
2024/9/18, 21
2024/9/19, 12
2024/9/20, 14
2024/9/21, 20
2024/9/22, 27
2024/9/23, 31
2024/9/24, 34
2024/9/25, 32
2024/9/26, 21
2024/9/27, 13
2024/9/28, 6
2024/9/29, 6
2024/9/30, 6
2024/10/1, 9
2024/4/2, 38
2024/4/3, 45
2024/4/4, 13
2024/4/5, 13
2024/4/6, 12
2024/4/7, 13
2024/4/8, 22
2024/4/9, 48
2024/4/10, 34
2024/4/11, 37
2024/4/12, 15
2024/4/13, 21
2024/4/14, 25
2024/4/15, 24
2024/4/16, 35
2024/4/17, 34
2024/4/18, 42
2024/4/19, 35
2024/4/20, 32
2024/4/21, 15
2024/4/22, 12
2024/4/23, 20
2024/4/24, 26
2024/4/25, 26
2024/4/26, 19
2024/4/27, 37
2024/4/28, 39
2024/4/29, 29
2024/4/30, 33
2024/5/1, 19
2024/5/2, 26
2024/5/3, 34
2024/5/4, 36
2024/5/5, 16
2024/5/6, 24
2024/5/7, 21
2024/5/8, 29
2024/5/9, 26
2024/5/10, 22
2024/5/11, 18
2024/5/12, 24
2024/5/13, 33
2024/5/14, 29
2024/5/15, 18
2024/5/16, 17
2024/5/17, 27
2024/5/18, 23
2024/5/19, 18
2024/5/20, 28
2024/5/21, 29
2024/5/22, 26
2024/5/23, 31
2024/5/24, 30
2024/5/25, 30
2024/5/26, 30
2024/5/27, 40
2024/5/28, 24
2024/5/29, 17
2024/5/30, 15
2024/5/31, 19
2024/6/1, 26
2024/6/2, 34
2024/6/3, 27
2024/6/4, 32
2024/6/5, 26
2024/6/6, 29
2024/6/7, 25
2024/6/8, 24
2024/6/9, 25
2024/6/10, 27
2024/6/11, 23
2024/6/12, 17
2024/6/13, 21
2024/6/14, 42
2024/6/15, 51
2024/6/16, 46
2024/6/17, 44
2024/6/18, 44
2024/6/19, 51
2024/6/20, 42
2024/6/21, 41
2024/6/22, 50
2024/6/23, 46
2024/6/24, 44
2024/6/25, 21
2024/6/26, 24
2024/6/27, 30
2024/6/28, 21
2024/6/29, 36
2024/6/30, 35
2024/7/1, 27
2024/1/2, 14
2024/1/3, 22
2024/1/4, 38
2024/1/5, 34
2024/1/6, 26
2024/1/7, 18
2024/1/8, 23
2024/1/9, 19
2024/1/10, 11
2024/1/11, 12
2024/1/12, 15
2024/1/13, 20
2024/1/14, 16
2024/1/15, 15
2024/1/16, 19
2024/1/17, 25
2024/1/18, 25
2024/1/19, 17
2024/1/20, 28
2024/1/21, 34
2024/1/22, 26
2024/1/23, 16
2024/1/24, 24
2024/1/25, 10
2024/1/26, 11
2024/1/27, 18
2024/1/28, 16
2024/1/29, 10
2024/1/30, 14
2024/1/31, 21
2024/2/1, 24
2024/2/2, 23
2024/2/3, 33
2024/2/4, 33
2024/2/5, 19
2024/2/6, 17
2024/2/7, 30
2024/2/8, 40
2024/2/9, 46
2024/2/10, 44
2024/2/11, 26
2024/2/12, 13
2024/2/13, 11
2024/2/14, 26
2024/2/15, 22
2024/2/16, 27
2024/2/17, 29
2024/2/18, 18
2024/2/19, 21
2024/2/20, 32
2024/2/21, 25
2024/2/22, 44
2024/2/23, 58
2024/2/24, 23
2024/2/25, 13
2024/2/26, 19
2024/2/27, 49
2024/2/28, 40
2024/2/29, 25
2024/3/1, 14
2024/3/2, 21
2024/3/3, 19
2024/3/4, 28
2024/3/5, 33
2024/3/6, 32
2024/3/7, 22
2024/3/8, 19
2024/3/12, 20
2024/3/13, 24
2024/3/14, 43
2024/3/15, 42
2024/3/16, 24
2024/3/17, 22
2024/3/18, 14
2024/3/19, 9
2024/3/20, 19
2024/3/21, 30
2024/3/22, 15
2024/3/23, 50
2024/3/24, 41
2024/3/25, 19
2024/3/26, 19
2024/3/27, 17
2024/3/28, 18
2024/3/29, 19
2024/3/30, 17
2024/3/31, 28
2024/4/1, 33
2023/10/2, 24
2023/10/3, 26
2023/10/4, 25
2023/10/5, 44
2023/10/6, 45
2023/10/7, 28
2023/10/8, 12
2023/10/9, 22
2023/10/10, 17
2023/10/11, 24
2023/10/12, 29
2023/10/13, 41
2023/10/14, 32
2023/10/15, 17
2023/10/16, 12
2023/10/17, 10
2023/10/18, 12
2023/10/19, 18
2023/10/20, 39
2023/10/21, 30
2023/10/22, 20
2023/10/23, 17
2023/10/24, 20
2023/10/25, 18
2023/10/26, 21
2023/10/27, 23
2023/10/28, 28
2023/10/29, 35
2023/10/30, 38
2023/10/31, 21
2023/11/1, 20
2023/11/2, 21
2023/11/3, 24
2023/11/4, 42
2023/11/5, 47
2023/11/6, 31
2023/11/7, 33
2023/11/8, 39
2023/11/9, 29
2023/11/10, 31
2023/11/11, 17
2023/11/12, 19
2023/11/13, 20
2023/11/14, 24
2023/11/15, 27
2023/11/16, 29
2023/11/17, 21
2023/11/18, 18
2023/11/19, 29
2023/11/20, 14
2023/11/21, 26
2023/11/22, 17
2023/11/23, 29
2023/11/24, 34
2023/11/25, 29
2023/11/26, 32
2023/11/27, 35
2023/11/28, 18
2023/11/29, 18
2023/11/30, 22
2023/12/1, 27
2023/12/2, 27
2023/12/3, 19
2023/12/4, 21
2023/12/5, 20
2023/12/6, 23
2023/12/7, 26
2023/12/8, 17
2023/12/9, 35
2023/12/10, 24
2023/12/11, 14
2023/12/12, 19
2023/12/13, 17
2023/12/14, 35
2023/12/15, 33
2023/12/16, 20
2023/12/17, 16
2023/12/18, 14
2023/12/19, 21
2023/12/20, 19
2023/12/21, 28
2023/12/22, 36
2023/12/23, 38
2023/12/24, 40
2023/12/25, 28
2023/12/26, 13
2023/12/27, 21
2023/12/28, 17
2023/12/29, 18
2023/12/30, 17
2023/12/31, 18
2024/1/1, 20
2023/7/2, 32
2023/7/3, 39
2023/7/4, 40
2023/7/5, 44
2023/7/6, 38
2023/7/7, 32
2023/7/8, 37
2023/7/9, 31
2023/7/10, 20
2023/7/11, 22
2023/7/12, 27
2023/7/13, 33
2023/7/14, 37
2023/7/15, 39
2023/7/16, 33
2023/7/17, 66
2023/7/18, 85
2023/7/19, 65
2023/7/20, 15
2023/7/21, 17
2023/7/22, 32
2023/7/23, 31
2023/7/24, 32
2023/7/25, 43
2023/7/26, 54
2023/7/27, 58
2023/7/28, 51
2023/7/29, 55
2023/7/30, 53
2023/7/31, 23
2023/8/1, 30
2023/8/2, 32
2023/8/3, 37
2023/8/4, 32
2023/8/5, 21
2023/8/6, 22
2023/8/7, 29
2023/8/8, 27
2023/8/9, 22
2023/8/10, 33
2023/8/11, 15
2023/8/12, 24
2023/8/13, 32
2023/8/14, 22
2023/8/15, 19
2023/8/16, 15
2023/8/17, 24
2023/8/18, 34
2023/8/19, 41
2023/8/20, 36
2023/8/21, 45
2023/8/22, 53
2023/8/23, 62
2023/8/24, 54
2023/8/25, 50
2023/8/26, 55
2023/8/27, 27
2023/8/28, 22
2023/8/29, 36
2023/8/30, 28
2023/8/31, 36
2023/9/1, 26
2023/9/2, 48
2023/9/3, 38
2023/9/4, 43
2023/9/5, 38
2023/9/6, 41
2023/9/7, 38
2023/9/8, 46
2023/9/9, 49
2023/9/10, 32
2023/9/11, 39
2023/9/12, 36
2023/9/13, 37
2023/9/14, 24
2023/9/15, 22
2023/9/16, 28
2023/9/17, 24
2023/9/18, 25
2023/9/19, 26
2023/9/20, 30
2023/9/21, 41
2023/9/22, 45
2023/9/23, 42
2023/9/24, 37
2023/9/25, 26
2023/9/26, 17
2023/9/27, 22
2023/9/28, 38
2023/9/29, 24
2023/9/30, 35
2023/10/1, 32
2023/4/2, 24
2023/4/3, 18
2023/4/4, 33
2023/4/5, 50
2023/4/6, 37
2023/4/7, 16
2023/4/8, 14
2023/4/9, 11
2023/4/10, 18
2023/4/11, 29
2023/4/12, 26
2023/4/13, 31
2023/4/14, 82
2023/4/19, 36
2023/4/20, 40
2023/4/21, 48
2023/4/22, 35
2023/4/23, 16
2023/4/24, 19
2023/4/25, 32
2023/4/26, 25
2023/4/27, 40
2023/4/28, 29
2023/4/29, 18
2023/4/30, 28
2023/5/1, 25
2023/5/2, 20
2023/5/3, 18
2023/5/4, 16
2023/5/5, 23
2023/5/6, 23
2023/5/7, 34
2023/5/8, 33
2023/5/9, 22
2023/5/10, 28
2023/5/11, 25
2023/5/12, 32
2023/5/13, 38
2023/5/14, 25
2023/5/15, 36
2023/5/16, 30
2023/5/17, 28
2023/5/18, 32
2023/5/19, 38
2023/5/20, 30
2023/5/21, 42
2023/5/22, 60
2023/5/23, 49
2023/5/24, 52
2023/5/25, 57
2023/5/26, 53
2023/5/27, 41
2023/5/28, 37
2023/5/29, 22
2023/5/30, 30
2023/5/31, 31
2023/6/1, 26
2023/6/2, 35
2023/6/3, 41
2023/6/4, 48
2023/6/5, 49
2023/6/6, 51
2023/6/7, 74
2023/6/8, 76
2023/6/9, 68
2023/6/10, 74
2023/6/11, 63
2023/6/12, 50
2023/6/13, 47
2023/6/14, 40
2023/6/15, 44
2023/6/16, 27
2023/6/17, 47
2023/6/18, 68
2023/6/19, 60
2023/6/20, 24
2023/6/21, 21
2023/6/22, 21
2023/6/23, 14
2023/6/24, 25
2023/6/25, 50
2023/6/26, 43
2023/6/27, 36
2023/6/28, 63
2023/6/29, 104
2023/6/30, 105
2023/7/1, 46
2023/1/3, 26
2023/1/4, 14
2023/1/5, 13
2023/1/6, 12
2023/1/7, 17
2023/1/8, 17
2023/1/9, 29
2023/1/10, 43
2023/1/11, 24
2023/1/12, 39
2023/1/13, 29
2023/1/14, 18
2023/1/15, 13
2023/1/16, 21
2023/1/17, 16
2023/1/18, 36
2023/1/19, 29
2023/1/20, 22
2023/1/21, 17
2023/1/22, 25
2023/1/23, 17
2023/1/24, 26
2023/1/25, 26
2023/1/26, 16
2023/1/27, 19
2023/1/28, 15
2023/1/29, 17
2023/1/30, 32
2023/1/31, 22
2023/2/1, 12
2023/2/2, 29
2023/2/3, 33
2023/2/4, 39
2023/2/5, 28
2023/2/6, 25
2023/2/7, 26
2023/2/8, 28
2023/2/9, 49
2023/2/10, 34
2023/2/11, 21
2023/2/12, 31
2023/2/13, 22
2023/2/14, 28
2023/2/15, 30
2023/2/16, 22
2023/2/17, 37
2023/2/18, 11
2023/2/19, 18
2023/2/20, 20
2023/2/21, 34
2023/2/22, 27
2023/2/23, 36
2023/2/24, 40
2023/2/25, 16
2023/2/26, 16
2023/2/27, 17
2023/2/28, 34
2023/3/1, 53
2023/3/2, 51
2023/3/3, 20
2023/3/4, 29
2023/3/5, 23
2023/3/6, 32
2023/3/7, 41
2023/3/8, 36
2023/3/9, 34
2023/3/10, 42
2023/3/11, 38
2023/3/12, 21
2023/3/13, 19
2023/3/14, 20
2023/3/15, 16
2023/3/16, 26
2023/3/17, 42
2023/3/18, 36
2023/3/19, 20
2023/3/20, 15
2023/3/21, 26
2023/3/22, 35
2023/3/23, 57
2023/3/24, 64
2023/3/25, 40
2023/3/26, 19
2023/3/27, 32
2023/3/28, 28
2023/3/29, 38
2023/3/30, 30
2023/3/31, 33
2023/4/1, 50
2022/10/2, 15
2022/10/3, 17
2022/10/4, 18
2022/10/5, 17
2022/10/6, 23
2022/10/7, 18
2022/10/11, 21
2022/10/12, 34
2022/10/13, 42
2022/10/14, 17
2022/10/15, 20
2022/10/16, 37
2022/10/17, 32
2022/10/18, 21
2022/10/19, 12
2022/10/20, 18
2022/10/21, 18
2022/10/22, 23
2022/10/23, 44
2022/10/24, 41
2022/10/25, 39
2022/10/26, 39
2022/10/27, 9
2022/10/28, 13
2022/10/29, 26
2022/10/30, 26
2022/10/31, 15
2022/11/1, 25
2022/11/2, 31
2022/11/3, 33
2022/11/4, 40
2022/11/5, 35
2022/11/6, 21
2022/11/7, 19
2022/11/8, 13
2022/11/9, 33
2022/11/10, 44
2022/11/11, 23
2022/11/12, 26
2022/11/13, 23
2022/11/14, 16
2022/11/15, 22
2022/11/16, 26
2022/11/17, 29
2022/11/18, 32
2022/11/19, 32
2022/11/20, 16
2022/11/21, 25
2022/11/22, 28
2022/11/23, 22
2022/11/24, 32
2022/11/25, 25
2022/11/26, 28
2022/11/27, 25
2022/11/28, 12
2022/11/29, 35
2022/11/30, 21
2022/12/1, 17
2022/12/6, 13
2022/12/7, 16
2022/12/8, 20
2022/12/9, 29
2022/12/10, 10
2022/12/11, 14
2022/12/12, 21
2022/12/13, 16
2022/12/14, 22
2022/12/15, 21
2022/12/16, 13
2022/12/17, 12
2022/12/18, 13
2022/12/19, 14
2022/12/20, 17
2022/12/21, 35
2022/12/22, 42
2022/12/23, 25
2022/12/24, 12
2022/12/25, 8
2022/12/26, 17
2022/12/27, 12
2022/12/28, 21
2022/12/29, 26
2022/12/30, 29
2022/12/31, 23
2023/1/1, 21
2023/1/2, 23
2022/7/2, 35
2022/7/3, 34
2022/7/4, 28
2022/7/5, 33
2022/7/6, 38
2022/7/7, 37
2022/7/8, 35
2022/7/9, 34
2022/7/10, 23
2022/7/11, 25
2022/7/12, 18
2022/7/13, 25
2022/7/14, 24
2022/7/15, 31
2022/7/16, 39
2022/7/17, 32
2022/7/18, 46
2022/7/19, 25
2022/7/20, 39
2022/7/21, 40
2022/7/22, 43
2022/7/23, 50
2022/7/24, 44
2022/7/25, 37
2022/7/26, 39
2022/7/27, 33
2022/7/28, 24
2022/7/29, 28
2022/7/30, 20
2022/7/31, 28
2022/8/1, 19
2022/8/2, 26
2022/8/3, 28
2022/8/4, 36
2022/8/5, 22
2022/8/6, 25
2022/8/7, 28
2022/8/8, 29
2022/8/9, 24
2022/8/10, 23
2022/8/11, 20
2022/8/12, 26
2022/8/13, 31
2022/8/14, 30
2022/8/15, 38
2022/8/16, 36
2022/8/17, 37
2022/8/18, 31
2022/8/19, 29
2022/8/20, 34
2022/8/21, 22
2022/8/22, 19
2022/8/23, 19
2022/8/24, 29
2022/8/25, 29
2022/8/26, 35
2022/8/27, 25
2022/8/28, 24
2022/8/29, 28
2022/8/30, 34
2022/8/31, 23
2022/9/1, 23
2022/9/2, 21
2022/9/3, 32
2022/9/4, 23
2022/9/5, 13
2022/9/6, 15
2022/9/7, 26
2022/9/8, 24
2022/9/9, 24
2022/9/10, 22
2022/9/11, 17
2022/9/12, 16
2022/9/13, 16
2022/9/14, 22
2022/9/15, 22
2022/9/16, 19
2022/9/17, 26
2022/9/18, 37
2022/9/19, 41
2022/9/20, 47
2022/9/21, 44
2022/9/22, 35
2022/9/23, 27
2022/9/24, 16
2022/9/25, 22
2022/9/26, 33
2022/9/27, 17
2022/9/28, 14
2022/9/29, 15
2022/9/30, 16
2022/10/1, 17
2022/4/2, 20
2022/4/3, 31
2022/4/4, 20
2022/4/5, 21
2022/4/6, 42
2022/4/7, 29
2022/4/8, 14
2022/4/9, 19
2022/4/10, 19
2022/4/11, 25
2022/4/12, 22
2022/4/13, 32
2022/4/14, 28
2022/4/15, 15
2022/4/16, 21
2022/4/17, 34
2022/4/18, 14
2022/4/19, 17
2022/4/20, 14
2022/4/21, 23
2022/4/22, 35
2022/4/23, 45
2022/4/24, 44
2022/4/25, 37
2022/4/26, 31
2022/4/27, 17
2022/4/28, 21
2022/4/29, 40
2022/4/30, 50
2022/5/1, 48
2022/5/2, 28
2022/5/3, 33
2022/5/4, 30
2022/5/5, 28
2022/5/6, 26
2022/5/7, 22
2022/5/8, 13
2022/5/9, 15
2022/5/10, 19
2022/5/11, 33
2022/5/12, 55
2022/5/13, 41
2022/5/14, 19
2022/5/15, 23
2022/5/16, 24
2022/5/17, 24
2022/5/18, 30
2022/5/19, 37
2022/5/20, 50
2022/5/21, 35
2022/5/22, 41
2022/5/23, 28
2022/5/24, 22
2022/5/25, 17
2022/5/26, 28
2022/5/27, 22
2022/5/28, 16
2022/5/29, 21
2022/5/30, 27
2022/5/31, 34
2022/6/1, 33
2022/6/2, 43
2022/6/3, 38
2022/6/4, 24
2022/6/5, 31
2022/6/7, 42
2022/6/8, 35
2022/6/9, 24
2022/6/10, 22
2022/6/11, 29
2022/6/12, 31
2022/6/13, 38
2022/6/14, 50
2022/6/15, 75
2022/6/16, 79
2022/6/17, 61
2022/6/18, 37
2022/6/19, 27
2022/6/20, 20
2022/6/21, 26
2022/6/22, 35
2022/6/23, 53
2022/6/24, 32
2022/6/25, 35
2022/6/26, 47
2022/6/27, 41
2022/6/28, 30
2022/6/29, 27
2022/6/30, 40
2022/7/1, 37
2022/1/4, 25
2022/1/5, 20
2022/1/6, 32
2022/1/7, 19
2022/1/8, 19
2022/1/9, 25
2022/1/10, 23
2022/1/11, 15
2022/1/12, 22
2022/1/13, 18
2022/1/14, 26
2022/1/15, 57
2022/1/16, 58
2022/1/17, 25
2022/1/18, 31
2022/1/19, 32
2022/1/20, 16
2022/1/21, 20
2022/1/22, 18
2022/1/23, 24
2022/1/24, 30
2022/1/25, 23
2022/1/26, 41
2022/1/27, 32
2022/1/28, 38
2022/1/29, 38
2022/1/30, 22
2022/1/31, 31
2022/2/1, 37
2022/2/2, 41
2022/2/3, 40
2022/2/4, 18
2022/2/5, 17
2022/2/6, 24
2022/2/7, 32
2022/2/8, 30
2022/2/9, 25
2022/2/10, 19
2022/2/11, 29
2022/2/12, 35
2022/2/13, 24
2022/2/14, 32
2022/2/15, 27
2022/2/16, 41
2022/2/17, 42
2022/2/18, 33
2022/2/19, 23
2022/2/20, 23
2022/2/21, 23
2022/2/22, 35
2022/2/23, 22
2022/2/24, 15
2022/2/25, 14
2022/2/26, 19
2022/2/27, 30
2022/2/28, 22
2022/3/1, 32
2022/3/2, 26
2022/3/3, 29
2022/3/4, 40
2022/3/5, 42
2022/3/6, 60
2022/3/7, 40
2022/3/8, 23
2022/3/9, 18
2022/3/10, 17
2022/3/11, 24
2022/3/12, 31
2022/3/13, 17
2022/3/14, 14
2022/3/15, 22
2022/3/16, 41
2022/3/17, 31
2022/3/18, 23
2022/3/19, 18
2022/3/20, 15
2022/3/21, 17
2022/3/22, 22
2022/3/23, 33
2022/3/24, 17
2022/3/25, 16
2022/3/26, 17
2022/3/27, 15
2022/3/28, 16
2022/3/29, 15
2022/3/30, 30
2022/3/31, 54
2022/4/1, 19
2021/10/2, 52
2021/10/3, 58
2021/10/4, 28
2021/10/5, 21
2021/10/6, 21
2021/10/7, 15
2021/10/8, 13
2021/10/9, 25
2021/10/10, 40
2021/10/11, 41
2021/10/12, 29
2021/10/13, 29
2021/10/14, 41
2021/10/15, 40
2021/10/16, 37
2021/10/17, 19
2021/10/18, 30
2021/10/19, 24
2021/10/20, 22
2021/10/21, 39
2021/10/22, 31
2021/10/27, 16
2021/10/28, 16
2021/10/29, 15
2021/10/30, 11
2021/10/31, 8
2021/11/1, 24
2021/11/2, 26
2021/11/3, 18
2021/11/4, 19
2021/11/5, 23
2021/11/6, 20
2021/11/7, 26
2021/11/8, 34
2021/11/9, 20
2021/11/10, 26
2021/11/11, 42
2021/11/12, 34
2021/11/13, 13
2021/11/14, 22
2021/11/15, 21
2021/11/16, 18
2021/11/17, 37
2021/11/18, 45
2021/11/19, 21
2021/11/20, 21
2021/11/21, 30
2021/11/22, 32
2021/11/23, 35
2021/11/24, 22
2021/11/25, 16
2021/11/26, 25
2021/11/27, 31
2021/11/28, 21
2021/11/29, 28
2021/11/30, 17
2021/12/1, 28
2021/12/2, 42
2021/12/3, 35
2021/12/4, 43
2021/12/5, 55
2021/12/6, 47
2021/12/7, 23
2021/12/8, 14
2021/12/9, 22
2021/12/10, 20
2021/12/11, 22
2021/12/12, 21
2021/12/13, 19
2021/12/14, 25
2021/12/15, 31
2021/12/16, 23
2021/12/17, 29
2021/12/18, 28
2021/12/19, 14
2021/12/20, 13
2021/12/21, 19
2021/12/22, 31
2021/12/23, 26
2021/12/24, 15
2021/12/25, 18
2021/12/26, 15
2021/12/27, 25
2021/12/28, 23
2021/12/29, 20
2021/12/30, 22
2021/12/31, 11
2022/1/1, 32
2022/1/2, 24
2022/1/3, 9
2021/7/2, 31
2021/7/3, 25
2021/7/4, 29
2021/7/5, 53
2021/7/6, 68
2021/7/7, 48
2021/7/8, 31
2021/7/9, 20
2021/7/10, 34
2021/7/11, 31
2021/7/12, 18
2021/7/13, 25
2021/7/14, 35
2021/7/15, 36
2021/7/16, 43
2021/7/17, 41
2021/7/18, 26
2021/7/19, 28
2021/7/20, 28
2021/7/21, 45
2021/7/22, 83
2021/7/23, 92
2021/7/24, 62
2021/7/25, 61
2021/7/26, 58
2021/7/27, 44
2021/7/28, 42
2021/7/29, 62
2021/7/30, 70
2021/7/31, 59
2021/8/1, 86
2021/8/2, 59
2021/8/3, 67
2021/8/4, 62
2021/8/5, 46
2021/8/6, 50
2021/8/7, 42
2021/8/8, 43
2021/8/9, 43
2021/8/10, 51
2021/8/11, 40
2021/8/12, 34
2021/8/13, 31
2021/8/14, 33
2021/8/15, 25
2021/8/16, 24
2021/8/17, 18
2021/8/18, 16
2021/8/19, 22
2021/8/20, 16
2021/8/21, 16
2021/8/22, 16
2021/8/23, 24
2021/8/24, 44
2021/8/25, 58
2021/8/26, 53
2021/8/27, 47
2021/8/28, 48
2021/8/29, 36
2021/8/30, 29
2021/8/31, 30
2021/9/1, 20
2021/9/2, 23
2021/9/3, 30
2021/9/4, 27
2021/9/5, 31
2021/9/6, 32
2021/9/7, 28
2021/9/8, 30
2021/9/9, 44
2021/9/10, 28
2021/9/11, 27
2021/9/12, 33
2021/9/13, 35
2021/9/14, 36
2021/9/15, 35
2021/9/16, 21
2021/9/17, 25
2021/9/18, 15
2021/9/19, 17
2021/9/20, 18
2021/9/21, 19
2021/9/22, 17
2021/9/23, 14
2021/9/24, 15
2021/9/25, 20
2021/9/26, 31
2021/9/27, 34
2021/9/28, 40
2021/9/29, 52
2021/9/30, 55
2021/10/1, 59
2021/4/2, 20
2021/4/3, 18
2021/4/4, 18
2021/4/5, 31
2021/4/6, 34
2021/4/7, 49
2021/4/8, 49
2021/4/9, 30
2021/4/10, 25
2021/4/11, 21
2021/4/12, 21
2021/4/13, 25
2021/4/14, 30
2021/4/15, 25
2021/4/16, 20
2021/4/17, 21
2021/4/18, 34
2021/4/19, 45
2021/4/20, 33
2021/4/21, 34
2021/4/22, 30
2021/4/23, 36
2021/4/24, 35
2021/4/25, 28
2021/4/26, 36
2021/4/27, 35
2021/4/28, 28
2021/4/29, 44
2021/4/30, 32
2021/5/1, 24
2021/5/2, 24
2021/5/3, 39
2021/5/4, 28
2021/5/5, 31
2021/5/6, 16
2021/5/7, 16
2021/5/8, 26
2021/5/9, 32
2021/5/10, 27
2021/5/11, 13
2021/5/12, 17
2021/5/13, 14
2021/5/14, 17
2021/5/15, 26
2021/5/16, 23
2021/5/17, 32
2021/5/18, 38
2021/5/19, 35
2021/5/20, 48
2021/5/21, 24
2021/5/22, 35
2021/5/23, 55
2021/5/24, 62
2021/5/25, 59
2021/5/26, 60
2021/5/27, 48
2021/5/28, 30
2021/5/29, 30
2021/5/30, 23
2021/5/31, 22
2021/6/1, 22
2021/6/2, 32
2021/6/3, 34
2021/6/4, 28
2021/6/5, 27
2021/6/6, 33
2021/6/7, 38
2021/6/8, 18
2021/6/9, 19
2021/6/10, 19
2021/6/11, 31
2021/6/12, 27
2021/6/13, 27
2021/6/14, 31
2021/6/15, 34
2021/6/16, 23
2021/6/17, 35
2021/6/18, 39
2021/6/19, 48
2021/6/20, 49
2021/6/21, 31
2021/6/22, 32
2021/6/23, 24
2021/6/24, 28
2021/6/25, 34
2021/6/26, 39
2021/6/27, 44
2021/6/28, 32
2021/6/29, 28
2021/6/30, 33
2021/7/1, 22
2021/1/5, 23
2021/1/6, 41
2021/1/7, 30
2021/1/8, 21
2021/1/9, 35
2021/1/10, 34
2021/1/11, 42
2021/1/12, 54
2021/1/13, 58
2021/1/14, 48
2021/1/15, 34
2021/1/16, 19
2021/1/17, 21
2021/1/18, 16
2021/1/19, 21
2021/1/20, 25
2021/1/21, 22
2021/1/22, 23
2021/1/23, 39
2021/1/24, 19
2021/1/25, 27
2021/1/26, 21
2021/1/27, 20
2021/1/28, 20
2021/1/29, 19
2021/1/30, 27
2021/1/31, 32
2021/2/1, 25
2021/2/2, 23
2021/2/3, 21
2021/2/4, 21
2021/2/5, 24
2021/2/6, 19
2021/2/7, 20
2021/2/8, 25
2021/2/9, 34
2021/2/10, 31
2021/2/11, 37
2021/2/12, 23
2021/2/13, 58
2021/2/14, 46
2021/2/15, 59
2021/2/16, 14
2021/2/18, 45
2021/2/19, 38
2021/2/20, 66
2021/2/21, 59
2021/2/22, 28
2021/2/23, 30
2021/2/24, 21
2021/2/25, 25
2021/2/26, 21
2021/2/27, 16
2021/2/28, 20
2021/3/1, 31
2021/3/2, 16
2021/3/3, 17
2021/3/4, 26
2021/3/5, 23
2021/3/6, 21
2021/3/7, 21
2021/3/8, 36
2021/3/9, 35
2021/3/10, 44
2021/3/11, 56
2021/3/12, 44
2021/3/13, 46
2021/3/14, 17
2021/3/15, 14
2021/3/16, 31
2021/3/17, 33
2021/3/18, 16
2021/3/19, 24
2021/3/20, 14
2021/3/21, 21
2021/3/22, 27
2021/3/23, 33
2021/3/24, 25
2021/3/25, 40
2021/3/26, 28
2021/3/27, 18
2021/3/28, 25
2021/3/29, 13
2021/3/30, 21
2021/3/31, 33
2021/4/1, 19
2020/10/2, 17
2020/10/3, 24
2020/10/4, 24
2020/10/5, 29
2020/10/6, 25
2020/10/7, 44
2020/10/8, 38
2020/10/9, 53
2020/10/10, 54
2020/10/11, 21
2020/10/12, 10
2020/10/13, 17
2020/10/14, 15
2020/10/15, 18
2020/10/16, 35
2020/10/17, 19
2020/10/18, 20
2020/10/19, 28
2020/10/20, 37
2020/10/21, 39
2020/10/22, 35
2020/10/23, 27
2020/10/24, 23
2020/10/25, 13
2020/10/26, 14
2020/10/27, 20
2020/10/28, 29
2020/10/29, 25
2020/10/30, 22
2020/10/31, 23
2020/11/1, 22
2020/11/2, 26
2020/11/3, 22
2020/11/4, 23
2020/11/5, 29
2020/11/6, 42
2020/11/10, 12
2020/11/11, 13
2020/11/12, 13
2020/11/13, 16
2020/11/14, 21
2020/11/15, 28
2020/11/16, 28
2020/11/17, 18
2020/11/18, 20
2020/11/19, 20
2020/11/20, 18
2020/11/21, 40
2020/11/22, 44
2020/11/23, 36
2020/11/24, 21
2020/11/25, 23
2020/11/26, 23
2020/11/27, 18
2020/11/28, 21
2020/11/29, 30
2020/11/30, 33
2020/12/1, 13
2020/12/2, 21
2020/12/3, 31
2020/12/4, 23
2020/12/5, 33
2020/12/6, 43
2020/12/7, 35
2020/12/8, 49
2020/12/9, 40
2020/12/10, 42
2020/12/11, 33
2020/12/12, 47
2020/12/13, 30
2020/12/14, 36
2020/12/15, 21
2020/12/16, 25
2020/12/17, 18
2020/12/18, 40
2020/12/19, 43
2020/12/20, 27
2020/12/21, 28
2020/12/22, 23
2020/12/23, 19
2020/12/24, 17
2020/12/25, 17
2020/12/26, 13
2020/12/27, 17
2020/12/28, 17
2020/12/29, 24
2020/12/30, 50
2020/12/31, 39
2021/1/1, 14
2021/1/2, 17
2021/1/3, 17
2021/1/4, 17
2020/7/2, 21
2020/7/3, 37
2020/7/4, 37
2020/7/5, 48
2020/7/6, 56
2020/7/7, 40
2020/7/8, 29
2020/7/9, 29
2020/7/10, 31
2020/7/11, 30
2020/7/12, 26
2020/7/13, 16
2020/7/14, 17
2020/7/15, 30
2020/7/16, 34
2020/7/17, 40
2020/7/18, 38
2020/7/19, 36
2020/7/20, 43
2020/7/21, 43
2020/7/22, 33
2020/7/23, 31
2020/7/24, 19
2020/7/25, 22
2020/7/26, 18
2020/7/27, 21
2020/7/28, 23
2020/7/29, 24
2020/7/30, 29
2020/7/31, 27
2020/8/1, 31
2020/8/2, 21
2020/8/3, 24
2020/8/4, 28
2020/8/5, 22
2020/8/6, 30
2020/8/7, 37
2020/8/8, 39
2020/8/9, 40
2020/8/10, 37
2020/8/11, 35
2020/8/12, 28
2020/8/13, 30
2020/8/14, 22
2020/8/15, 21
2020/8/16, 31
2020/8/17, 38
2020/8/18, 29
2020/8/19, 28
2020/8/20, 21
2020/8/21, 30
2020/8/22, 17
2020/8/23, 19
2020/8/24, 25
2020/8/25, 30
2020/8/26, 21
2020/8/27, 18
2020/8/28, 38
2020/8/29, 25
2020/8/30, 26
2020/8/31, 28
2020/9/1, 25
2020/9/2, 26
2020/9/3, 57
2020/9/4, 53
2020/9/5, 27
2020/9/6, 25
2020/9/7, 24
2020/9/8, 28
2020/9/9, 32
2020/9/10, 35
2020/9/11, 30
2020/9/12, 22
2020/9/13, 21
2020/9/14, 16
2020/9/15, 23
2020/9/16, 31
2020/9/17, 27
2020/9/18, 25
2020/9/19, 37
2020/9/20, 34
2020/9/21, 39
2020/9/22, 24
2020/9/23, 26
2020/9/24, 27
2020/9/25, 24
2020/9/26, 12
2020/9/27, 17
2020/9/28, 26
2020/9/29, 29
2020/9/30, 18
2020/10/1, 17
2020/4/2, 15
2020/4/3, 22
2020/4/4, 28
2020/4/5, 33
2020/4/6, 45
2020/4/7, 39
2020/4/8, 42
2020/4/9, 30
2020/4/10, 17
2020/4/11, 19
2020/4/12, 24
2020/4/13, 38
2020/4/14, 15
2020/4/15, 21
2020/4/16, 25
2020/4/17, 35
2020/4/18, 35
2020/4/19, 28
2020/4/20, 24
2020/4/21, 26
2020/4/22, 20
2020/4/23, 16
2020/4/24, 20
2020/4/25, 16
2020/4/26, 17
2020/4/27, 15
2020/4/28, 17
2020/4/29, 21
2020/4/30, 24
2020/5/1, 16
2020/5/2, 22
2020/5/3, 31
2020/5/4, 35
2020/5/5, 23
2020/5/6, 25
2020/5/7, 22
2020/5/8, 21
2020/5/9, 25
2020/5/10, 22
2020/5/11, 20
2020/5/12, 16
2020/5/13, 17
2020/5/14, 30
2020/5/15, 37
2020/5/16, 31
2020/5/17, 36
2020/5/18, 35
2020/5/19, 17
2020/5/20, 21
2020/5/21, 18
2020/5/22, 13
2020/5/23, 23
2020/5/24, 32
2020/5/25, 25
2020/5/26, 29
2020/5/27, 26
2020/5/28, 22
2020/5/29, 11
2020/5/30, 21
2020/5/31, 24
2020/6/1, 25
2020/6/2, 26
2020/6/3, 45
2020/6/4, 51
2020/6/5, 40
2020/6/6, 24
2020/6/7, 32
2020/6/8, 40
2020/6/9, 26
2020/6/10, 36
2020/6/11, 25
2020/6/12, 22
2020/6/13, 23
2020/6/14, 32
2020/6/15, 24
2020/6/16, 21
2020/6/17, 23
2020/6/18, 30
2020/6/19, 27
2020/6/20, 39
2020/6/21, 45
2020/6/22, 36
2020/6/23, 21
2020/6/24, 16
2020/6/25, 25
2020/6/26, 23
2020/6/27, 36
2020/6/28, 107
2020/6/29, 46
2020/6/30, 26
2020/7/1, 19
2020/1/2, 14
2020/1/3, 15
2020/1/4, 9
2020/1/5, 19
2020/1/6, 16
2020/1/7, 16
2020/1/8, 13
2020/1/9, 17
2020/1/10, 16
2020/1/11, 22
2020/1/12, 17
2020/1/13, 12
2020/1/14, 20
2020/1/15, 11
2020/1/16, 16
2020/1/17, 21
2020/1/18, 14
2020/1/19, 18
2020/1/20, 16
2020/1/21, 23
2020/1/22, 19
2020/1/23, 27
2020/1/24, 21
2020/1/25, 11
2020/1/26, 20
2020/1/27, 21
2020/1/28, 26
2020/1/29, 52
2020/1/30, 35
2020/1/31, 34
2020/2/1, 29
2020/2/2, 30
2020/2/3, 18
2020/2/4, 18
2020/2/5, 17
2020/2/6, 13
2020/2/7, 12
2020/2/8, 17
2020/2/9, 16
2020/2/10, 19
2020/2/11, 17
2020/2/12, 16
2020/2/13, 21
2020/2/14, 18
2020/2/15, 21
2020/2/16, 22
2020/2/17, 37
2020/2/18, 36
2020/2/19, 15
2020/2/20, 33
2020/2/21, 18
2020/2/22, 24
2020/2/23, 32
2020/2/24, 21
2020/2/25, 22
2020/2/26, 14
2020/2/27, 13
2020/2/28, 19
2020/2/29, 20
2020/3/1, 28
2020/3/2, 30
2020/3/3, 36
2020/3/4, 24
2020/3/5, 19
2020/3/6, 20
2020/3/7, 16
2020/3/8, 16
2020/3/9, 34
2020/3/10, 30
2020/3/11, 22
2020/3/12, 21
2020/3/13, 31
2020/3/14, 18
2020/3/15, 17
2020/3/16, 11
2020/3/17, 18
2020/3/18, 13
2020/3/19, 33
2020/3/20, 33
2020/3/21, 29
2020/3/22, 16
2020/3/23, 18
2020/3/24, 14
2020/3/25, 17
2020/3/26, 19
2020/3/27, 14
2020/3/28, 53
2020/3/29, 51
2020/3/30, 19
2020/3/31, 18
2020/4/1, 16
2019/10/2, 46
2019/10/3, 42
2019/10/4, 40
2019/10/5, 20
2019/10/6, 34
2019/10/7, 21
2019/10/8, 15
2019/10/9, 11
2019/10/10, 21
2019/10/11, 23
2019/10/12, 23
2019/10/13, 15
2019/10/14, 13
2019/10/15, 18
2019/10/16, 23
2019/10/17, 17
2019/10/18, 17
2019/10/19, 17
2019/10/20, 21
2019/10/21, 12
2019/10/22, 16
2019/10/23, 11
2019/10/24, 14
2019/10/25, 20
2019/10/26, 21
2019/10/27, 12
2019/10/28, 14
2019/10/29, 16
2019/10/30, 21
2019/10/31, 18
2019/11/1, 15
2019/11/2, 16
2019/11/3, 19
2019/11/4, 25
2019/11/5, 23
2019/11/6, 34
2019/11/7, 24
2019/11/8, 39
2019/11/9, 15
2019/11/10, 10
2019/11/11, 10
2019/11/12, 12
2019/11/13, 19
2019/11/14, 21
2019/11/15, 28
2019/11/16, 37
2019/11/17, 49
2019/11/18, 43
2019/11/19, 46
2019/11/20, 29
2019/11/21, 27
2019/11/22, 25
2019/11/23, 37
2019/11/24, 13
2019/11/25, 20
2019/11/26, 26
2019/11/27, 34
2019/11/28, 16
2019/11/29, 18
2019/11/30, 21
2019/12/1, 27
2019/12/2, 11
2019/12/3, 9
2019/12/4, 18
2019/12/5, 23
2019/12/6, 18
2019/12/7, 34
2019/12/8, 48
2019/12/9, 35
2019/12/10, 31
2019/12/11, 16
2019/12/12, 14
2019/12/13, 19
2019/12/14, 10
2019/12/15, 20
2019/12/16, 41
2019/12/17, 23
2019/12/18, 19
2019/12/19, 32
2019/12/20, 43
2019/12/21, 36
2019/12/22, 25
2019/12/23, 32
2019/12/24, 11
2019/12/25, 23
2019/12/26, 14
2019/12/27, 20
2019/12/28, 33
2019/12/29, 27
2019/12/30, 13
2019/7/2, 40
2019/7/3, 35
2019/7/4, 41
2019/7/5, 42
2019/7/6, 36
2019/7/7, 40
2019/7/8, 40
2019/7/9, 29
2019/7/10, 37
2019/7/11, 42
2019/7/12, 28
2019/7/13, 31
2019/7/14, 25
2019/7/15, 21
2019/7/16, 34
2019/7/17, 30
2019/7/18, 18
2019/7/19, 29
2019/7/20, 25
2019/7/21, 26
2019/7/22, 20
2019/7/23, 20
2019/7/24, 25
2019/7/25, 25
2019/7/26, 32
2019/7/27, 37
2019/7/28, 45
2019/7/29, 47
2019/7/30, 49
2019/7/31, 45
2019/8/1, 31
2019/8/2, 33
2019/8/3, 34
2019/8/4, 30
2019/8/5, 23
2019/8/6, 29
2019/8/7, 41
2019/8/8, 20
2019/8/9, 34
2019/8/10, 37
2019/8/11, 39
2019/8/12, 37
2019/8/13, 37
2019/8/14, 33
2019/8/15, 21
2019/8/16, 31
2019/8/17, 28
2019/8/18, 27
2019/8/19, 31
2019/8/20, 46
2019/8/21, 39
2019/8/22, 34
2019/8/23, 33
2019/8/24, 23
2019/8/25, 22
2019/8/26, 16
2019/8/27, 16
2019/8/28, 16
2019/8/29, 20
2019/8/30, 17
2019/8/31, 19
2019/9/1, 28
2019/9/2, 35
2019/9/3, 38
2019/9/4, 32
2019/9/5, 41
2019/9/6, 23
2019/9/7, 28
2019/9/8, 31
2019/9/9, 20
2019/9/10, 24
2019/9/11, 40
2019/9/12, 47
2019/9/13, 45
2019/9/14, 47
2019/9/15, 37
2019/9/16, 28
2019/9/17, 39
2019/9/18, 43
2019/9/19, 38
2019/9/20, 35
2019/9/21, 34
2019/9/22, 33
2019/9/23, 27
2019/9/24, 27
2019/9/25, 16
2019/9/26, 17
2019/9/27, 29
2019/9/28, 40
2019/9/29, 38
2019/9/30, 50
2019/10/1, 55
2019/4/2, 19
2019/4/3, 25
2019/4/4, 31
2019/4/5, 42
2019/4/6, 31
2019/4/7, 34
2019/4/8, 30
2019/4/9, 16
2019/4/10, 13
2019/4/11, 20
2019/4/12, 25
2019/4/13, 25
2019/4/14, 19
2019/4/15, 25
2019/4/16, 17
2019/4/17, 20
2019/4/18, 29
2019/4/19, 48
2019/4/20, 14
2019/4/21, 10
2019/4/22, 16
2019/4/23, 22
2019/4/24, 23
2019/4/25, 29
2019/4/26, 30
2019/4/27, 21
2019/4/28, 18
2019/4/29, 27
2019/4/30, 36
2019/5/1, 38
2019/5/2, 37
2019/5/3, 28
2019/5/4, 25
2019/5/5, 16
2019/5/6, 15
2019/5/7, 18
2019/5/8, 23
2019/5/9, 34
2019/5/10, 32
2019/5/11, 19
2019/5/12, 17
2019/5/13, 11
2019/5/14, 22
2019/5/15, 26
2019/5/16, 26
2019/5/17, 32
2019/5/18, 47
2019/5/19, 53
2019/5/20, 43
2019/5/21, 27
2019/5/22, 33
2019/5/23, 30
2019/5/24, 38
2019/5/25, 47
2019/5/26, 42
2019/5/27, 37
2019/5/28, 51
2019/5/29, 43
2019/5/30, 39
2019/5/31, 47
2019/6/1, 27
2019/6/2, 38
2019/6/3, 40
2019/6/4, 32
2019/6/5, 40
2019/6/6, 64
2019/6/7, 33
2019/6/8, 14
2019/6/9, 16
2019/6/10, 19
2019/6/11, 28
2019/6/12, 18
2019/6/13, 23
2019/6/14, 19
2019/6/15, 19
2019/6/16, 37
2019/6/17, 46
2019/6/18, 33
2019/6/19, 18
2019/6/20, 26
2019/6/21, 19
2019/6/22, 21
2019/6/23, 17
2019/6/24, 34
2019/6/25, 38
2019/6/26, 22
2019/6/27, 35
2019/6/28, 26
2019/6/29, 28
2019/6/30, 43
2019/7/1, 46
2019/1/2, 15
2019/1/3, 18
2019/1/4, 26
2019/1/5, 16
2019/1/6, 18
2019/1/7, 22
2019/1/8, 17
2019/1/9, 17
2019/1/10, 11
2019/1/11, 19
2019/1/12, 34
2019/1/13, 27
2019/1/14, 11
2019/1/15, 41
2019/1/16, 40
2019/1/17, 47
2019/1/18, 26
2019/1/19, 23
2019/1/20, 19
2019/1/21, 14
2019/1/22, 10
2019/1/23, 15
2019/1/24, 17
2019/1/25, 35
2019/1/26, 26
2019/1/27, 21
2019/1/28, 31
2019/1/29, 29
2019/1/30, 34
2019/1/31, 15
2019/2/1, 17
2019/2/2, 29
2019/2/3, 37
2019/2/4, 33
2019/2/5, 33
2019/2/6, 31
2019/2/7, 25
2019/2/8, 21
2019/2/9, 21
2019/2/10, 19
2019/2/11, 20
2019/2/12, 18
2019/2/13, 9
2019/2/14, 13
2019/2/15, 15
2019/2/16, 27
2019/2/17, 20
2019/2/18, 23
2019/2/19, 25
2019/2/20, 31
2019/2/21, 13
2019/2/22, 17
2019/2/23, 10
2019/2/24, 9
2019/2/25, 16
2019/2/26, 15
2019/2/27, 20
2019/2/28, 37
2019/3/1, 43
2019/3/2, 27
2019/3/3, 28
2019/3/4, 26
2019/3/5, 21
2019/3/6, 21
2019/3/7, 31
2019/3/8, 36
2019/3/9, 37
2019/3/10, 23
2019/3/11, 14
2019/3/12, 20
2019/3/13, 15
2019/3/14, 24
2019/3/15, 33
2019/3/16, 14
2019/3/17, 15
2019/3/18, 17
2019/3/19, 21
2019/3/20, 29
2019/3/21, 37
2019/3/22, 41
2019/3/23, 29
2019/3/24, 30
2019/3/25, 37
2019/3/26, 44
2019/3/27, 24
2019/3/28, 25
2019/3/29, 27
2019/3/30, 50
2019/3/31, 33
2019/4/1, 14
2018/10/2, 26
2018/10/3, 38
2018/10/4, 37
2018/10/5, 40
2018/10/6, 38
2018/10/7, 46
2018/10/8, 46
2018/10/9, 38
2018/10/10, 17
2018/10/11, 15
2018/10/12, 21
2018/10/13, 16
2018/10/14, 17
2018/10/15, 25
2018/10/16, 33
2018/10/17, 17
2018/10/18, 19
2018/10/19, 14
2018/10/20, 25
2018/10/21, 19
2018/10/22, 12
2018/10/23, 15
2018/10/24, 25
2018/10/25, 22
2018/10/26, 24
2018/10/27, 12
2018/10/28, 20
2018/10/29, 25
2018/10/30, 15
2018/10/31, 24
2018/11/1, 44
2018/11/2, 29
2018/11/3, 18
2018/11/4, 20
2018/11/5, 20
2018/11/6, 13
2018/11/7, 17
2018/11/8, 19
2018/11/9, 19
2018/11/10, 24
2018/11/11, 22
2018/11/12, 33
2018/11/13, 28
2018/11/14, 28
2018/11/15, 30
2018/11/16, 20
2018/11/17, 36
2018/11/18, 45
2018/11/19, 52
2018/11/20, 45
2018/11/21, 35
2018/11/22, 43
2018/11/23, 38
2018/11/24, 40
2018/11/25, 19
2018/11/26, 20
2018/11/27, 19
2018/11/28, 35
2018/11/29, 40
2018/11/30, 32
2018/12/1, 21
2018/12/2, 21
2018/12/3, 28
2018/12/4, 16
2018/12/5, 19
2018/12/6, 23
2018/12/7, 22
2018/12/8, 38
2018/12/9, 34
2018/12/10, 17
2018/12/11, 39
2018/12/12, 48
2018/12/13, 21
2018/12/14, 22
2018/12/19, 24
2018/12/20, 29
2018/12/21, 17
2018/12/22, 20
2018/12/23, 22
2018/12/24, 18
2018/12/25, 30
2018/12/26, 27
2018/12/27, 33
2018/12/28, 18
2018/12/29, 14
2018/12/30, 28
2018/12/31, 23
2018/7/2, 37
2018/7/3, 25
2018/7/4, 29
2018/7/5, 49
2018/7/6, 49
2018/7/7, 28
2018/7/8, 27
2018/7/9, 25
2018/7/10, 30
2018/7/11, 40
2018/7/12, 44
2018/7/13, 50
2018/7/14, 60
2018/7/15, 54
2018/7/16, 37
2018/7/17, 27
2018/7/18, 34
2018/7/19, 33
2018/7/20, 35
2018/7/21, 40
2018/7/22, 22
2018/7/23, 26
2018/7/24, 25
2018/7/25, 40
2018/7/26, 52
2018/7/27, 53
2018/7/28, 43
2018/7/29, 31
2018/7/30, 28
2018/7/31, 40
2018/8/1, 43
2018/8/2, 21
2018/8/3, 15
2018/8/4, 17
2018/8/5, 22
2018/8/6, 28
2018/8/7, 28
2018/8/8, 25
2018/8/9, 27
2018/8/10, 24
2018/8/11, 20
2018/8/12, 34
2018/8/13, 41
2018/8/14, 49
2018/8/15, 55
2018/8/16, 59
2018/8/17, 54
2018/8/18, 35
2018/8/19, 28
2018/8/20, 32
2018/8/21, 33
2018/8/22, 24
2018/8/23, 50
2018/8/24, 40
2018/8/25, 49
2018/8/26, 51
2018/8/27, 61
2018/8/28, 46
2018/8/29, 52
2018/8/30, 37
2018/8/31, 25
2018/9/1, 20
2018/9/2, 24
2018/9/3, 21
2018/9/4, 22
2018/9/5, 25
2018/9/6, 38
2018/9/7, 31
2018/9/8, 27
2018/9/9, 35
2018/9/10, 28
2018/9/11, 16
2018/9/12, 12
2018/9/13, 21
2018/9/14, 27
2018/9/15, 23
2018/9/16, 17
2018/9/17, 11
2018/9/18, 11
2018/9/19, 31
2018/9/20, 46
2018/9/21, 49
2018/9/22, 45
2018/9/23, 37
2018/9/24, 22
2018/9/25, 22
2018/9/26, 19
2018/9/27, 16
2018/9/28, 14
2018/9/29, 17
2018/9/30, 13
2018/10/1, 23
2018/4/2, 29
2018/4/3, 22
2018/4/4, 41
2018/4/5, 21
2018/4/6, 22
2018/4/7, 26
2018/4/8, 21
2018/4/9, 19
2018/4/10, 20
2018/4/11, 33
2018/4/12, 38
2018/4/13, 34
2018/4/14, 43
2018/4/15, 25
2018/4/16, 17
2018/4/17, 17
2018/4/18, 31
2018/4/19, 30
2018/4/20, 23
2018/4/21, 20
2018/4/22, 30
2018/4/23, 32
2018/4/24, 11
2018/4/25, 12
2018/4/26, 19
2018/4/27, 25
2018/4/28, 37
2018/4/29, 31
2018/4/30, 19
2018/5/1, 23
2018/5/2, 36
2018/5/3, 45
2018/5/4, 51
2018/5/5, 46
2018/5/6, 28
2018/5/7, 30
2018/5/8, 29
2018/5/9, 40
2018/5/10, 42
2018/5/11, 44
2018/5/12, 53
2018/5/13, 51
2018/5/14, 51
2018/5/15, 57
2018/5/16, 49
2018/5/17, 34
2018/5/18, 33
2018/5/19, 29
2018/5/20, 36
2018/5/21, 38
2018/5/22, 24
2018/5/23, 26
2018/5/24, 29
2018/5/25, 37
2018/5/26, 35
2018/5/27, 30
2018/5/28, 29
2018/5/29, 20
2018/5/30, 13
2018/5/31, 19
2018/6/1, 29
2018/6/2, 16
2018/6/3, 36
2018/6/4, 41
2018/6/5, 19
2018/6/6, 25
2018/6/7, 39
2018/6/8, 31
2018/6/9, 50
2018/6/10, 51
2018/6/11, 45
2018/6/12, 35
2018/6/13, 45
2018/6/14, 27
2018/6/15, 36
2018/6/16, 43
2018/6/17, 39
2018/6/18, 41
2018/6/19, 37
2018/6/20, 56
2018/6/21, 43
2018/6/22, 27
2018/6/23, 17
2018/6/24, 28
2018/6/25, 34
2018/6/26, 27
2018/6/27, 26
2018/6/28, 13
2018/6/29, 24
2018/6/30, 26
2018/7/1, 41
2018/1/2, 29
2018/1/3, 24
2018/1/4, 26
2018/1/5, 37
2018/1/6, 32
2018/1/7, 33
2018/1/8, 34
2018/1/9, 28
2018/1/10, 25
2018/1/11, 15
2018/1/12, 11
2018/1/13, 11
2018/1/14, 10
2018/1/15, 17
2018/1/16, 23
2018/1/17, 31
2018/1/18, 46
2018/1/19, 41
2018/1/20, 23
2018/1/21, 6
2018/1/22, 13
2018/1/23, 10
2018/1/24, 14
2018/1/25, 20
2018/1/26, 33
2018/1/27, 30
2018/1/28, 31
2018/1/29, 18
2018/1/30, 23
2018/1/31, 21
2018/2/1, 18
2018/2/2, 27
2018/2/3, 12
2018/2/4, 20
2018/2/5, 34
2018/2/6, 23
2018/2/7, 33
2018/2/8, 42
2018/2/9, 37
2018/2/10, 22
2018/2/11, 16
2018/2/12, 17
2018/2/13, 40
2018/2/14, 29
2018/2/15, 19
2018/2/16, 27
2018/2/17, 31
2018/2/18, 42
2018/2/19, 16
2018/2/20, 28
2018/2/21, 34
2018/2/22, 27
2018/2/23, 15
2018/2/24, 48
2018/2/25, 36
2018/2/26, 13
2018/2/27, 13
2018/2/28, 25
2018/3/1, 15
2018/3/2, 10
2018/3/3, 20
2018/3/4, 15
2018/3/5, 16
2018/3/6, 29
2018/3/7, 31
2018/3/8, 20
2018/3/9, 27
2018/3/10, 36
2018/3/11, 54
2018/3/12, 39
2018/3/13, 28
2018/3/14, 39
2018/3/15, 24
2018/3/16, 36
2018/3/17, 55
2018/3/18, 36
2018/3/19, 44
2018/3/20, 26
2018/3/21, 21
2018/3/22, 26
2018/3/23, 33
2018/3/24, 38
2018/3/25, 31
2018/3/26, 25
2018/3/27, 23
2018/3/28, 29
2018/3/29, 39
2018/3/30, 20
2018/3/31, 13
2018/4/1, 24
2017/10/2, 18
2017/10/3, 19
2017/10/4, 23
2017/10/5, 28
2017/10/6, 28
2017/10/7, 28
2017/10/8, 23
2017/10/9, 19
2017/10/10, 18
2017/10/11, 27
2017/10/12, 28
2017/10/13, 24
2017/10/14, 26
2017/10/15, 43
2017/10/16, 33
2017/10/17, 9
2017/10/18, 15
2017/10/19, 16
2017/10/20, 28
2017/10/21, 35
2017/10/22, 31
2017/10/23, 19
2017/10/24, 12
2017/10/25, 13
2017/10/26, 16
2017/10/27, 22
2017/10/28, 22
2017/10/29, 16
2017/10/30, 20
2017/10/31, 19
2017/11/1, 20
2017/11/2, 30
2017/11/3, 35
2017/11/4, 23
2017/11/5, 25
2017/11/6, 34
2017/11/7, 23
2017/11/8, 15
2017/11/9, 18
2017/11/10, 20
2017/11/11, 30
2017/11/12, 32
2017/11/13, 33
2017/11/14, 35
2017/11/15, 36
2017/11/16, 45
2017/11/17, 32
2017/11/18, 35
2017/11/19, 36
2017/11/20, 24
2017/11/21, 27
2017/11/22, 32
2017/11/23, 37
2017/11/24, 38
2017/11/25, 38
2017/11/26, 34
2017/11/27, 22
2017/11/28, 31
2017/11/29, 35
2017/11/30, 56
2017/12/1, 58
2017/12/2, 59
2017/12/3, 51
2017/12/4, 48
2017/12/5, 44
2017/12/6, 25
2017/12/7, 19
2017/12/8, 29
2017/12/9, 27
2017/12/10, 28
2017/12/11, 25
2017/12/12, 20
2017/12/13, 20
2017/12/14, 18
2017/12/15, 30
2017/12/16, 53
2017/12/17, 41
2017/12/18, 34
2017/12/19, 27
2017/12/20, 26
2017/12/21, 18
2017/12/22, 24
2017/12/23, 20
2017/12/24, 19
2017/12/25, 18
2017/12/26, 18
2017/12/27, 15
2017/12/28, 22
2017/12/29, 23
2017/12/30, 33
2017/12/31, 47
2018/1/1, 34
2017/7/2, 31
2017/7/3, 29
2017/7/4, 38
2017/7/5, 33
2017/7/6, 26
2017/7/7, 24
2017/7/8, 27
2017/7/9, 35
2017/7/10, 33
2017/7/11, 36
2017/7/12, 35
2017/7/13, 45
2017/7/14, 38
2017/7/15, 28
2017/7/16, 34
2017/7/17, 45
2017/7/18, 44
2017/7/19, 43
2017/7/20, 54
2017/7/21, 61
2017/7/22, 66
2017/7/23, 64
2017/7/24, 49
2017/7/25, 32
2017/7/26, 52
2017/7/27, 56
2017/7/28, 69
2017/7/29, 36
2017/7/30, 37
2017/7/31, 26
2017/8/1, 30
2017/8/2, 40
2017/8/3, 42
2017/8/4, 49
2017/8/5, 44
2017/8/6, 17
2017/8/7, 31
2017/8/8, 28
2017/8/9, 30
2017/8/10, 39
2017/8/11, 32
2017/8/12, 35
2017/8/13, 38
2017/8/14, 51
2017/8/15, 43
2017/8/16, 25
2017/8/17, 22
2017/8/18, 34
2017/8/19, 37
2017/8/20, 49
2017/8/21, 50
2017/8/22, 53
2017/8/23, 55
2017/8/24, 32
2017/8/25, 36
2017/8/26, 37
2017/8/27, 38
2017/8/28, 44
2017/8/29, 43
2017/8/30, 36
2017/8/31, 33
2017/9/1, 16
2017/9/2, 13
2017/9/3, 27
2017/9/4, 41
2017/9/5, 41
2017/9/10, 35
2017/9/11, 21
2017/9/12, 13
2017/9/13, 13
2017/9/14, 12
2017/9/15, 39
2017/9/16, 37
2017/9/17, 32
2017/9/18, 42
2017/9/19, 48
2017/9/20, 42
2017/9/21, 35
2017/9/22, 42
2017/9/23, 45
2017/9/24, 45
2017/9/25, 42
2017/9/26, 36
2017/9/27, 36
2017/9/28, 34
2017/9/29, 26
2017/9/30, 20
2017/10/1, 20
2017/4/2, 26
2017/4/3, 24
2017/4/4, 28
2017/4/5, 19
2017/4/6, 35
2017/4/7, 13
2017/4/8, 17
2017/4/9, 23
2017/4/10, 44
2017/4/11, 33
2017/4/12, 47
2017/4/13, 46
2017/4/14, 47
2017/4/15, 46
2017/4/16, 55
2017/4/17, 35
2017/4/18, 26
2017/4/19, 24
2017/4/20, 46
2017/4/21, 53
2017/4/22, 40
2017/4/23, 15
2017/4/24, 5
2017/4/25, 15
2017/4/26, 21
2017/4/27, 35
2017/4/28, 30
2017/4/29, 52
2017/4/30, 55
2017/5/1, 42
2017/5/2, 25
2017/5/3, 14
2017/5/4, 25
2017/5/5, 28
2017/5/9, 36
2017/5/10, 48
2017/5/11, 54
2017/5/12, 57
2017/5/13, 24
2017/5/14, 29
2017/5/15, 41
2017/5/16, 35
2017/5/17, 47
2017/5/18, 45
2017/5/19, 36
2017/5/20, 38
2017/5/21, 43
2017/5/22, 20
2017/5/23, 25
2017/5/24, 29
2017/5/25, 18
2017/5/26, 25
2017/5/27, 35
2017/5/28, 43
2017/5/29, 24
2017/5/30, 39
2017/5/31, 39
2017/6/1, 32
2017/6/2, 41
2017/6/3, 37
2017/6/4, 40
2017/6/5, 41
2017/6/6, 15
2017/6/7, 24
2017/6/8, 24
2017/6/9, 25
2017/6/10, 37
2017/6/11, 43
2017/6/12, 45
2017/6/13, 31
2017/6/14, 31
2017/6/15, 35
2017/6/16, 29
2017/6/17, 35
2017/6/18, 40
2017/6/19, 42
2017/6/20, 35
2017/6/21, 32
2017/6/22, 36
2017/6/23, 25
2017/6/24, 25
2017/6/26, 25
2017/6/27, 22
2017/6/28, 27
2017/6/29, 29
2017/6/30, 42
2017/7/1, 16
2017/2/28, 27
2017/3/1, 24
2017/3/2, 36
2017/3/3, 24
2017/3/4, 25
2017/3/5, 36
2017/3/6, 40
2017/3/7, 48
2017/3/11, 15
2017/3/12, 19
2017/3/13, 32
2017/3/14, 31
2017/3/15, 39
2017/3/16, 23
2017/3/17, 32
2017/3/18, 43
2017/3/19, 31
2017/3/20, 23
2017/3/21, 29
2017/3/22, 48
2017/3/23, 20
2017/3/24, 31
2017/3/25, 51
2017/3/26, 32
2017/3/27, 18
2017/3/28, 43
2017/3/29, 21
2017/3/30, 33
2017/3/31, 38
2017/4/1, 18